ID;Active;Name;Categories;Price;Tax;"Wholesale price";OnSale;Discount;DiscountPercent;DiscountFrom;DiscountTo;Reference;SupplierReference;Supplier;Manufacturer;Ean13;Upc;Ecotax;Width;Height;Depth;Weight;Quantity;MinimalQuantity;Visibility;AdditionalShippingCost;Unity;UnityPrice;ShortDescription;Description;Tags;Metatitle;MetaKeywords;MetaDescription;UrlRewritten;TextStock;TextBackorder;Avaiable;ProductAvaiableDate;ProductCreationDate;ShowPrice;ImageUrls;DeleteExistingImages;Feature;AvaiableOnline;Condition;Customizable;Uploadable;TextFields;OutStock;IdNameShop;AdvancedStockManagement;DependsOnStock;Warehouse
ID;Active;Name;Categories;Price;Tax;"Wholesale price";OnSale;Discount;DiscountPercent;DiscountFrom;DiscountTo;Reference;SupplierReference;Supplier;Manufacturer;Ean13;Upc;Ecotax;Width;Height;Depth;Weight;Quantity;MinimalQuantity;Visibility;AdditionalShippingCost;Unity;UnityPrice;ShortDescription;Description;Tags;Metatitle;MetaKeywords;MetaDescription;UrlRewritten;TextStock;TextBackorder;Avaiable;ProductAvaiableDate;ProductCreationDate;ShowPrice;ImageUrls;DeleteExistingImages;Feature;AvaiableOnline;Condition;Customizable;Uploadable;TextFields;OutStock;IdNameShop;AdvancedStockManagement;DependsOnStock;Warehouse
ID;Active;Name;Categories;Price;Tax;"Wholesale price";OnSale;Discount;DiscountPercent;DiscountFrom;DiscountTo;Reference;SupplierReference;Supplier;Manufacturer;Ean13;Upc;Ecotax;Width;Height;Depth;Weight;Quantity;MinimalQuantity;Visibility;AdditionalShippingCost;Unity;UnityPrice;ShortDescription;Description;Tags;Metatitle;MetaKeywords;MetaDescription;UrlRewritten;TextStock;TextBackorder;Avaiable;ProductAvaiableDate;ProductCreationDate;ShowPrice;ImageUrls;DeleteExistingImages;Feature;AvaiableOnline;Condition;Customizable;Uploadable;TextFields;OutStock;IdNameShop;AdvancedStockManagement;DependsOnStock;Warehouse
ID;Active;Name;Categories;Price;Tax;"Wholesale price";OnSale;Discount;DiscountPercent;DiscountFrom;DiscountTo;Reference;SupplierReference;Supplier;Manufacturer;Ean13;Upc;Ecotax;Width;Height;Depth;Weight;Quantity;MinimalQuantity;Visibility;AdditionalShippingCost;Unity;UnityPrice;ShortDescription;Description;Tags;Metatitle;MetaKeywords;MetaDescription;UrlRewritten;TextStock;TextBackorder;Avaiable;ProductAvaiableDate;ProductCreationDate;ShowPrice;ImageUrls;DeleteExistingImages;Feature;AvaiableOnline;Condition;Customizable;Uploadable;TextFields;OutStock;IdNameShop;AdvancedStockManagement;DependsOnStock;Warehouse
ID;Active;Name;Categories;Price;Tax;"Wholesale price";OnSale;Discount;DiscountPercent;DiscountFrom;DiscountTo;Reference;SupplierReference;Supplier;Manufacturer;Ean13;Upc;Ecotax;Width;Height;Depth;Weight;Quantity;MinimalQuantity;Visibility;AdditionalShippingCost;Unity;UnityPrice;ShortDescription;Description;Tags;Metatitle;MetaKeywords;MetaDescription;UrlRewritten;TextStock;TextBackorder;Avaiable;ProductAvaiableDate;ProductCreationDate;ShowPrice;ImageUrls;DeleteExistingImages;Feature;AvaiableOnline;Condition;Customizable;Uploadable;TextFields;OutStock;IdNameShop;AdvancedStockManagement;DependsOnStock;Warehouse
ID;Active;Name;Categories;Price;Tax;"Wholesale price";OnSale;Discount;DiscountPercent;DiscountFrom;DiscountTo;Reference;SupplierReference;Supplier;Manufacturer;Ean13;Upc;Ecotax;Width;Height;Depth;Weight;Quantity;MinimalQuantity;Visibility;AdditionalShippingCost;Unity;UnityPrice;ShortDescription;Description;Tags;Metatitle;MetaKeywords;MetaDescription;UrlRewritten;TextStock;TextBackorder;Avaiable;ProductAvaiableDate;ProductCreationDate;ShowPrice;ImageUrls;DeleteExistingImages;Feature;AvaiableOnline;Condition;Customizable;Uploadable;TextFields;OutStock;IdNameShop;AdvancedStockManagement;DependsOnStock;Warehouse
ID;Active;Name;Categories;Price;Tax;"Wholesale price";OnSale;Discount;DiscountPercent;DiscountFrom;DiscountTo;Reference;SupplierReference;Supplier;Manufacturer;Ean13;Upc;Ecotax;Width;Height;Depth;Weight;Quantity;MinimalQuantity;Visibility;AdditionalShippingCost;Unity;UnityPrice;ShortDescription;Description;Tags;Metatitle;MetaKeywords;MetaDescription;UrlRewritten;TextStock;TextBackorder;Avaiable;ProductAvaiableDate;ProductCreationDate;ShowPrice;ImageUrls;DeleteExistingImages;Feature;AvaiableOnline;Condition;Customizable;Uploadable;TextFields;OutStock;IdNameShop;AdvancedStockManagement;DependsOnStock;Warehouse
ID;Active;Name;Categories;Price;Tax;"Wholesale price";OnSale;Discount;DiscountPercent;DiscountFrom;DiscountTo;Reference;SupplierReference;Supplier;Manufacturer;Ean13;Upc;Ecotax;Width;Height;Depth;Weight;Quantity;MinimalQuantity;Visibility;AdditionalShippingCost;Unity;UnityPrice;ShortDescription;Description;Tags;Metatitle;MetaKeywords;MetaDescription;UrlRewritten;TextStock;TextBackorder;Avaiable;ProductAvaiableDate;ProductCreationDate;ShowPrice;ImageUrls;DeleteExistingImages;Feature;AvaiableOnline;Condition;Customizable;Uploadable;TextFields;OutStock;IdNameShop;AdvancedStockManagement;DependsOnStock;Warehouse
ID;Active;Name;Categories;Price;Tax;"Wholesale price";OnSale;Discount;DiscountPercent;DiscountFrom;DiscountTo;Reference;SupplierReference;Supplier;Manufacturer;Ean13;Upc;Ecotax;Width;Height;Depth;Weight;Quantity;MinimalQuantity;Visibility;AdditionalShippingCost;Unity;UnityPrice;ShortDescription;Description;Tags;Metatitle;MetaKeywords;MetaDescription;UrlRewritten;TextStock;TextBackorder;Avaiable;ProductAvaiableDate;ProductCreationDate;ShowPrice;ImageUrls;DeleteExistingImages;Feature;AvaiableOnline;Condition;Customizable;Uploadable;TextFields;OutStock;IdNameShop;AdvancedStockManagement;DependsOnStock;Warehouse
ID;Active;Name;Categories;Price;Tax;"Wholesale price";OnSale;Discount;DiscountPercent;DiscountFrom;DiscountTo;Reference;SupplierReference;Supplier;Manufacturer;Ean13;Upc;Ecotax;Width;Height;Depth;Weight;Quantity;MinimalQuantity;Visibility;AdditionalShippingCost;Unity;UnityPrice;ShortDescription;Description;Tags;Metatitle;MetaKeywords;MetaDescription;UrlRewritten;TextStock;TextBackorder;Avaiable;ProductAvaiableDate;ProductCreationDate;ShowPrice;ImageUrls;DeleteExistingImages;Feature;AvaiableOnline;Condition;Customizable;Uploadable;TextFields;OutStock;IdNameShop;AdvancedStockManagement;DependsOnStock;Warehouse
ID;Active;Name;Categories;Price;Tax;"Wholesale price";OnSale;Discount;DiscountPercent;DiscountFrom;DiscountTo;Reference;SupplierReference;Supplier;Manufacturer;Ean13;Upc;Ecotax;Width;Height;Depth;Weight;Quantity;MinimalQuantity;Visibility;AdditionalShippingCost;Unity;UnityPrice;ShortDescription;Description;Tags;Metatitle;MetaKeywords;MetaDescription;UrlRewritten;TextStock;TextBackorder;Avaiable;ProductAvaiableDate;ProductCreationDate;ShowPrice;ImageUrls;DeleteExistingImages;Feature;AvaiableOnline;Condition;Customizable;Uploadable;TextFields;OutStock;IdNameShop;AdvancedStockManagement;DependsOnStock;Warehouse
ID;Active;Name;Categories;Price;Tax;"Wholesale price";OnSale;Discount;DiscountPercent;DiscountFrom;DiscountTo;Reference;SupplierReference;Supplier;Manufacturer;Ean13;Upc;Ecotax;Width;Height;Depth;Weight;Quantity;MinimalQuantity;Visibility;AdditionalShippingCost;Unity;UnityPrice;ShortDescription;Description;Tags;Metatitle;MetaKeywords;MetaDescription;UrlRewritten;TextStock;TextBackorder;Avaiable;ProductAvaiableDate;ProductCreationDate;ShowPrice;ImageUrls;DeleteExistingImages;Feature;AvaiableOnline;Condition;Customizable;Uploadable;TextFields;OutStock;IdNameShop;AdvancedStockManagement;DependsOnStock;Warehouse
ID;Active;Name;Categories;Price;Tax;"Wholesale price";OnSale;Discount;DiscountPercent;DiscountFrom;DiscountTo;Reference;SupplierReference;Supplier;Manufacturer;Ean13;Upc;Ecotax;Width;Height;Depth;Weight;Quantity;MinimalQuantity;Visibility;AdditionalShippingCost;Unity;UnityPrice;ShortDescription;Description;Tags;Metatitle;MetaKeywords;MetaDescription;UrlRewritten;TextStock;TextBackorder;Avaiable;ProductAvaiableDate;ProductCreationDate;ShowPrice;ImageUrls;DeleteExistingImages;Feature;AvaiableOnline;Condition;Customizable;Uploadable;TextFields;OutStock;IdNameShop;AdvancedStockManagement;DependsOnStock;Warehouse
ID;Active;Name;Categories;Price;Tax;"Wholesale price";OnSale;Discount;DiscountPercent;DiscountFrom;DiscountTo;Reference;SupplierReference;Supplier;Manufacturer;Ean13;Upc;Ecotax;Width;Height;Depth;Weight;Quantity;MinimalQuantity;Visibility;AdditionalShippingCost;Unity;UnityPrice;ShortDescription;Description;Tags;Metatitle;MetaKeywords;MetaDescription;UrlRewritten;TextStock;TextBackorder;Avaiable;ProductAvaiableDate;ProductCreationDate;ShowPrice;ImageUrls;DeleteExistingImages;Feature;AvaiableOnline;Condition;Customizable;Uploadable;TextFields;OutStock;IdNameShop;AdvancedStockManagement;DependsOnStock;Warehouse
ID;Active;Name;Categories;Price;Tax;"Wholesale price";OnSale;Discount;DiscountPercent;DiscountFrom;DiscountTo;Reference;SupplierReference;Supplier;Manufacturer;Ean13;Upc;Ecotax;Width;Height;Depth;Weight;Quantity;MinimalQuantity;Visibility;AdditionalShippingCost;Unity;UnityPrice;ShortDescription;Description;Tags;Metatitle;MetaKeywords;MetaDescription;UrlRewritten;TextStock;TextBackorder;Avaiable;ProductAvaiableDate;ProductCreationDate;ShowPrice;ImageUrls;DeleteExistingImages;Feature;AvaiableOnline;Condition;Customizable;Uploadable;TextFields;OutStock;IdNameShop;AdvancedStockManagement;DependsOnStock;Warehouse
ID;Active;Name;Categories;Price;Tax;"Wholesale price";OnSale;Discount;DiscountPercent;DiscountFrom;DiscountTo;Reference;SupplierReference;Supplier;Manufacturer;Ean13;Upc;Ecotax;Width;Height;Depth;Weight;Quantity;MinimalQuantity;Visibility;AdditionalShippingCost;Unity;UnityPrice;ShortDescription;Description;Tags;Metatitle;MetaKeywords;MetaDescription;UrlRewritten;TextStock;TextBackorder;Avaiable;ProductAvaiableDate;ProductCreationDate;ShowPrice;ImageUrls;DeleteExistingImages;Feature;AvaiableOnline;Condition;Customizable;Uploadable;TextFields;OutStock;IdNameShop;AdvancedStockManagement;DependsOnStock;Warehouse
ID;Active;Name;Categories;Price;Tax;"Wholesale price";OnSale;Discount;DiscountPercent;DiscountFrom;DiscountTo;Reference;SupplierReference;Supplier;Manufacturer;Ean13;Upc;Ecotax;Width;Height;Depth;Weight;Quantity;MinimalQuantity;Visibility;AdditionalShippingCost;Unity;UnityPrice;ShortDescription;Description;Tags;Metatitle;MetaKeywords;MetaDescription;UrlRewritten;TextStock;TextBackorder;Avaiable;ProductAvaiableDate;ProductCreationDate;ShowPrice;ImageUrls;DeleteExistingImages;Feature;AvaiableOnline;Condition;Customizable;Uploadable;TextFields;OutStock;IdNameShop;AdvancedStockManagement;DependsOnStock;Warehouse
ID;Active;Name;Categories;Price;Tax;"Wholesale price";OnSale;Discount;DiscountPercent;DiscountFrom;DiscountTo;Reference;SupplierReference;Supplier;Manufacturer;Ean13;Upc;Ecotax;Width;Height;Depth;Weight;Quantity;MinimalQuantity;Visibility;AdditionalShippingCost;Unity;UnityPrice;ShortDescription;Description;Tags;Metatitle;MetaKeywords;MetaDescription;UrlRewritten;TextStock;TextBackorder;Avaiable;ProductAvaiableDate;ProductCreationDate;ShowPrice;ImageUrls;DeleteExistingImages;Feature;AvaiableOnline;Condition;Customizable;Uploadable;TextFields;OutStock;IdNameShop;AdvancedStockManagement;DependsOnStock;Warehouse
ID;Active;Name;Categories;Price;Tax;"Wholesale price";OnSale;Discount;DiscountPercent;DiscountFrom;DiscountTo;Reference;SupplierReference;Supplier;Manufacturer;Ean13;Upc;Ecotax;Width;Height;Depth;Weight;Quantity;MinimalQuantity;Visibility;AdditionalShippingCost;Unity;UnityPrice;ShortDescription;Description;Tags;Metatitle;MetaKeywords;MetaDescription;UrlRewritten;TextStock;TextBackorder;Avaiable;ProductAvaiableDate;ProductCreationDate;ShowPrice;ImageUrls;DeleteExistingImages;Feature;AvaiableOnline;Condition;Customizable;Uploadable;TextFields;OutStock;IdNameShop;AdvancedStockManagement;DependsOnStock;Warehouse
ID;Active;Name;Categories;Price;Tax;"Wholesale price";OnSale;Discount;DiscountPercent;DiscountFrom;DiscountTo;Reference;SupplierReference;Supplier;Manufacturer;Ean13;Upc;Ecotax;Width;Height;Depth;Weight;Quantity;MinimalQuantity;Visibility;AdditionalShippingCost;Unity;UnityPrice;ShortDescription;Description;Tags;Metatitle;MetaKeywords;MetaDescription;UrlRewritten;TextStock;TextBackorder;Avaiable;ProductAvaiableDate;ProductCreationDate;ShowPrice;ImageUrls;DeleteExistingImages;Feature;AvaiableOnline;Condition;Customizable;Uploadable;TextFields;OutStock;IdNameShop;AdvancedStockManagement;DependsOnStock;Warehouse
ID;Active;Name;Categories;Price;Tax;"Wholesale price";OnSale;Discount;DiscountPercent;DiscountFrom;DiscountTo;Reference;SupplierReference;Supplier;Manufacturer;Ean13;Upc;Ecotax;Width;Height;Depth;Weight;Quantity;MinimalQuantity;Visibility;AdditionalShippingCost;Unity;UnityPrice;ShortDescription;Description;Tags;Metatitle;MetaKeywords;MetaDescription;UrlRewritten;TextStock;TextBackorder;Avaiable;ProductAvaiableDate;ProductCreationDate;ShowPrice;ImageUrls;DeleteExistingImages;Feature;AvaiableOnline;Condition;Customizable;Uploadable;TextFields;OutStock;IdNameShop;AdvancedStockManagement;DependsOnStock;Warehouse
ID;Active;Name;Categories;Price;Tax;"Wholesale price";OnSale;Discount;DiscountPercent;DiscountFrom;DiscountTo;Reference;SupplierReference;Supplier;Manufacturer;Ean13;Upc;Ecotax;Width;Height;Depth;Weight;Quantity;MinimalQuantity;Visibility;AdditionalShippingCost;Unity;UnityPrice;ShortDescription;Description;Tags;Metatitle;MetaKeywords;MetaDescription;UrlRewritten;TextStock;TextBackorder;Avaiable;ProductAvaiableDate;ProductCreationDate;ShowPrice;ImageUrls;DeleteExistingImages;Feature;AvaiableOnline;Condition;Customizable;Uploadable;TextFields;OutStock;IdNameShop;AdvancedStockManagement;DependsOnStock;Warehouse
ID;Active;Name;Categories;Price;Tax;"Wholesale price";OnSale;Discount;DiscountPercent;DiscountFrom;DiscountTo;Reference;SupplierReference;Supplier;Manufacturer;Ean13;Upc;Ecotax;Width;Height;Depth;Weight;Quantity;MinimalQuantity;Visibility;AdditionalShippingCost;Unity;UnityPrice;ShortDescription;Description;Tags;Metatitle;MetaKeywords;MetaDescription;UrlRewritten;TextStock;TextBackorder;Avaiable;ProductAvaiableDate;ProductCreationDate;ShowPrice;ImageUrls;DeleteExistingImages;Feature;AvaiableOnline;Condition;Customizable;Uploadable;TextFields;OutStock;IdNameShop;AdvancedStockManagement;DependsOnStock;Warehouse
ID;Active;Name;Categories;Price;Tax;"Wholesale price";OnSale;Discount;DiscountPercent;DiscountFrom;DiscountTo;Reference;SupplierReference;Supplier;Manufacturer;Ean13;Upc;Ecotax;Width;Height;Depth;Weight;Quantity;MinimalQuantity;Visibility;AdditionalShippingCost;Unity;UnityPrice;ShortDescription;Description;Tags;Metatitle;MetaKeywords;MetaDescription;UrlRewritten;TextStock;TextBackorder;Avaiable;ProductAvaiableDate;ProductCreationDate;ShowPrice;ImageUrls;DeleteExistingImages;Feature;AvaiableOnline;Condition;Customizable;Uploadable;TextFields;OutStock;IdNameShop;AdvancedStockManagement;DependsOnStock;Warehouse
ID;Active;Name;Categories;Price;Tax;"Wholesale price";OnSale;Discount;DiscountPercent;DiscountFrom;DiscountTo;Reference;SupplierReference;Supplier;Manufacturer;Ean13;Upc;Ecotax;Width;Height;Depth;Weight;Quantity;MinimalQuantity;Visibility;AdditionalShippingCost;Unity;UnityPrice;ShortDescription;Description;Tags;Metatitle;MetaKeywords;MetaDescription;UrlRewritten;TextStock;TextBackorder;Avaiable;ProductAvaiableDate;ProductCreationDate;ShowPrice;ImageUrls;DeleteExistingImages;Feature;AvaiableOnline;Condition;Customizable;Uploadable;TextFields;OutStock;IdNameShop;AdvancedStockManagement;DependsOnStock;Warehouse
ID;Active;Name;Categories;Price;Tax;"Wholesale price";OnSale;Discount;DiscountPercent;DiscountFrom;DiscountTo;Reference;SupplierReference;Supplier;Manufacturer;Ean13;Upc;Ecotax;Width;Height;Depth;Weight;Quantity;MinimalQuantity;Visibility;AdditionalShippingCost;Unity;UnityPrice;ShortDescription;Description;Tags;Metatitle;MetaKeywords;MetaDescription;UrlRewritten;TextStock;TextBackorder;Avaiable;ProductAvaiableDate;ProductCreationDate;ShowPrice;ImageUrls;DeleteExistingImages;Feature;AvaiableOnline;Condition;Customizable;Uploadable;TextFields;OutStock;IdNameShop;AdvancedStockManagement;DependsOnStock;Warehouse
ID;Active;Name;Categories;Price;Tax;"Wholesale price";OnSale;Discount;DiscountPercent;DiscountFrom;DiscountTo;Reference;SupplierReference;Supplier;Manufacturer;Ean13;Upc;Ecotax;Width;Height;Depth;Weight;Quantity;MinimalQuantity;Visibility;AdditionalShippingCost;Unity;UnityPrice;ShortDescription;Description;Tags;Metatitle;MetaKeywords;MetaDescription;UrlRewritten;TextStock;TextBackorder;Avaiable;ProductAvaiableDate;ProductCreationDate;ShowPrice;ImageUrls;DeleteExistingImages;Feature;AvaiableOnline;Condition;Customizable;Uploadable;TextFields;OutStock;IdNameShop;AdvancedStockManagement;DependsOnStock;Warehouse
ID;Active;Name;Categories;Price;Tax;"Wholesale price";OnSale;Discount;DiscountPercent;DiscountFrom;DiscountTo;Reference;SupplierReference;Supplier;Manufacturer;Ean13;Upc;Ecotax;Width;Height;Depth;Weight;Quantity;MinimalQuantity;Visibility;AdditionalShippingCost;Unity;UnityPrice;ShortDescription;Description;Tags;Metatitle;MetaKeywords;MetaDescription;UrlRewritten;TextStock;TextBackorder;Avaiable;ProductAvaiableDate;ProductCreationDate;ShowPrice;ImageUrls;DeleteExistingImages;Feature;AvaiableOnline;Condition;Customizable;Uploadable;TextFields;OutStock;IdNameShop;AdvancedStockManagement;DependsOnStock;Warehouse
ID;Active;Name;Categories;Price;Tax;"Wholesale price";OnSale;Discount;DiscountPercent;DiscountFrom;DiscountTo;Reference;SupplierReference;Supplier;Manufacturer;Ean13;Upc;Ecotax;Width;Height;Depth;Weight;Quantity;MinimalQuantity;Visibility;AdditionalShippingCost;Unity;UnityPrice;ShortDescription;Description;Tags;Metatitle;MetaKeywords;MetaDescription;UrlRewritten;TextStock;TextBackorder;Avaiable;ProductAvaiableDate;ProductCreationDate;ShowPrice;ImageUrls;DeleteExistingImages;Feature;AvaiableOnline;Condition;Customizable;Uploadable;TextFields;OutStock;IdNameShop;AdvancedStockManagement;DependsOnStock;Warehouse
ID;Active;Name;Categories;Price;Tax;"Wholesale price";OnSale;Discount;DiscountPercent;DiscountFrom;DiscountTo;Reference;SupplierReference;Supplier;Manufacturer;Ean13;Upc;Ecotax;Width;Height;Depth;Weight;Quantity;MinimalQuantity;Visibility;AdditionalShippingCost;Unity;UnityPrice;ShortDescription;Description;Tags;Metatitle;MetaKeywords;MetaDescription;UrlRewritten;TextStock;TextBackorder;Avaiable;ProductAvaiableDate;ProductCreationDate;ShowPrice;ImageUrls;DeleteExistingImages;Feature;AvaiableOnline;Condition;Customizable;Uploadable;TextFields;OutStock;IdNameShop;AdvancedStockManagement;DependsOnStock;Warehouse
ID;Active;Name;Categories;Price;Tax;"Wholesale price";OnSale;Discount;DiscountPercent;DiscountFrom;DiscountTo;Reference;SupplierReference;Supplier;Manufacturer;Ean13;Upc;Ecotax;Width;Height;Depth;Weight;Quantity;MinimalQuantity;Visibility;AdditionalShippingCost;Unity;UnityPrice;ShortDescription;Description;Tags;Metatitle;MetaKeywords;MetaDescription;UrlRewritten;TextStock;TextBackorder;Avaiable;ProductAvaiableDate;ProductCreationDate;ShowPrice;ImageUrls;DeleteExistingImages;Feature;AvaiableOnline;Condition;Customizable;Uploadable;TextFields;OutStock;IdNameShop;AdvancedStockManagement;DependsOnStock;Warehouse
ID;Active;Name;Categories;Price;Tax;"Wholesale price";OnSale;Discount;DiscountPercent;DiscountFrom;DiscountTo;Reference;SupplierReference;Supplier;Manufacturer;Ean13;Upc;Ecotax;Width;Height;Depth;Weight;Quantity;MinimalQuantity;Visibility;AdditionalShippingCost;Unity;UnityPrice;ShortDescription;Description;Tags;Metatitle;MetaKeywords;MetaDescription;UrlRewritten;TextStock;TextBackorder;Avaiable;ProductAvaiableDate;ProductCreationDate;ShowPrice;ImageUrls;DeleteExistingImages;Feature;AvaiableOnline;Condition;Customizable;Uploadable;TextFields;OutStock;IdNameShop;AdvancedStockManagement;DependsOnStock;Warehouse
ID;Active;Name;Categories;Price;Tax;"Wholesale price";OnSale;Discount;DiscountPercent;DiscountFrom;DiscountTo;Reference;SupplierReference;Supplier;Manufacturer;Ean13;Upc;Ecotax;Width;Height;Depth;Weight;Quantity;MinimalQuantity;Visibility;AdditionalShippingCost;Unity;UnityPrice;ShortDescription;Description;Tags;Metatitle;MetaKeywords;MetaDescription;UrlRewritten;TextStock;TextBackorder;Avaiable;ProductAvaiableDate;ProductCreationDate;ShowPrice;ImageUrls;DeleteExistingImages;Feature;AvaiableOnline;Condition;Customizable;Uploadable;TextFields;OutStock;IdNameShop;AdvancedStockManagement;DependsOnStock;Warehouse
ID;Active;Name;Categories;Price;Tax;"Wholesale price";OnSale;Discount;DiscountPercent;DiscountFrom;DiscountTo;Reference;SupplierReference;Supplier;Manufacturer;Ean13;Upc;Ecotax;Width;Height;Depth;Weight;Quantity;MinimalQuantity;Visibility;AdditionalShippingCost;Unity;UnityPrice;ShortDescription;Description;Tags;Metatitle;MetaKeywords;MetaDescription;UrlRewritten;TextStock;TextBackorder;Avaiable;ProductAvaiableDate;ProductCreationDate;ShowPrice;ImageUrls;DeleteExistingImages;Feature;AvaiableOnline;Condition;Customizable;Uploadable;TextFields;OutStock;IdNameShop;AdvancedStockManagement;DependsOnStock;Warehouse
ID;Active;Name;Categories;Price;Tax;"Wholesale price";OnSale;Discount;DiscountPercent;DiscountFrom;DiscountTo;Reference;SupplierReference;Supplier;Manufacturer;Ean13;Upc;Ecotax;Width;Height;Depth;Weight;Quantity;MinimalQuantity;Visibility;AdditionalShippingCost;Unity;UnityPrice;ShortDescription;Description;Tags;Metatitle;MetaKeywords;MetaDescription;UrlRewritten;TextStock;TextBackorder;Avaiable;ProductAvaiableDate;ProductCreationDate;ShowPrice;ImageUrls;DeleteExistingImages;Feature;AvaiableOnline;Condition;Customizable;Uploadable;TextFields;OutStock;IdNameShop;AdvancedStockManagement;DependsOnStock;Warehouse
ID;Active;Name;Categories;Price;Tax;"Wholesale price";OnSale;Discount;DiscountPercent;DiscountFrom;DiscountTo;Reference;SupplierReference;Supplier;Manufacturer;Ean13;Upc;Ecotax;Width;Height;Depth;Weight;Quantity;MinimalQuantity;Visibility;AdditionalShippingCost;Unity;UnityPrice;ShortDescription;Description;Tags;Metatitle;MetaKeywords;MetaDescription;UrlRewritten;TextStock;TextBackorder;Avaiable;ProductAvaiableDate;ProductCreationDate;ShowPrice;ImageUrls;DeleteExistingImages;Feature;AvaiableOnline;Condition;Customizable;Uploadable;TextFields;OutStock;IdNameShop;AdvancedStockManagement;DependsOnStock;Warehouse
ID;Active;Name;Categories;Price;Tax;"Wholesale price";OnSale;Discount;DiscountPercent;DiscountFrom;DiscountTo;Reference;SupplierReference;Supplier;Manufacturer;Ean13;Upc;Ecotax;Width;Height;Depth;Weight;Quantity;MinimalQuantity;Visibility;AdditionalShippingCost;Unity;UnityPrice;ShortDescription;Description;Tags;Metatitle;MetaKeywords;MetaDescription;UrlRewritten;TextStock;TextBackorder;Avaiable;ProductAvaiableDate;ProductCreationDate;ShowPrice;ImageUrls;DeleteExistingImages;Feature;AvaiableOnline;Condition;Customizable;Uploadable;TextFields;OutStock;IdNameShop;AdvancedStockManagement;DependsOnStock;Warehouse
ID;Active;Name;Categories;Price;Tax;"Wholesale price";OnSale;Discount;DiscountPercent;DiscountFrom;DiscountTo;Reference;SupplierReference;Supplier;Manufacturer;Ean13;Upc;Ecotax;Width;Height;Depth;Weight;Quantity;MinimalQuantity;Visibility;AdditionalShippingCost;Unity;UnityPrice;ShortDescription;Description;Tags;Metatitle;MetaKeywords;MetaDescription;UrlRewritten;TextStock;TextBackorder;Avaiable;ProductAvaiableDate;ProductCreationDate;ShowPrice;ImageUrls;DeleteExistingImages;Feature;AvaiableOnline;Condition;Customizable;Uploadable;TextFields;OutStock;IdNameShop;AdvancedStockManagement;DependsOnStock;Warehouse
ID;Active;Name;Categories;Price;Tax;"Wholesale price";OnSale;Discount;DiscountPercent;DiscountFrom;DiscountTo;Reference;SupplierReference;Supplier;Manufacturer;Ean13;Upc;Ecotax;Width;Height;Depth;Weight;Quantity;MinimalQuantity;Visibility;AdditionalShippingCost;Unity;UnityPrice;ShortDescription;Description;Tags;Metatitle;MetaKeywords;MetaDescription;UrlRewritten;TextStock;TextBackorder;Avaiable;ProductAvaiableDate;ProductCreationDate;ShowPrice;ImageUrls;DeleteExistingImages;Feature;AvaiableOnline;Condition;Customizable;Uploadable;TextFields;OutStock;IdNameShop;AdvancedStockManagement;DependsOnStock;Warehouse
ID;Active;Name;Categories;Price;Tax;"Wholesale price";OnSale;Discount;DiscountPercent;DiscountFrom;DiscountTo;Reference;SupplierReference;Supplier;Manufacturer;Ean13;Upc;Ecotax;Width;Height;Depth;Weight;Quantity;MinimalQuantity;Visibility;AdditionalShippingCost;Unity;UnityPrice;ShortDescription;Description;Tags;Metatitle;MetaKeywords;MetaDescription;UrlRewritten;TextStock;TextBackorder;Avaiable;ProductAvaiableDate;ProductCreationDate;ShowPrice;ImageUrls;DeleteExistingImages;Feature;AvaiableOnline;Condition;Customizable;Uploadable;TextFields;OutStock;IdNameShop;AdvancedStockManagement;DependsOnStock;Warehouse
ID;Active;Name;Categories;Price;Tax;"Wholesale price";OnSale;Discount;DiscountPercent;DiscountFrom;DiscountTo;Reference;SupplierReference;Supplier;Manufacturer;Ean13;Upc;Ecotax;Width;Height;Depth;Weight;Quantity;MinimalQuantity;Visibility;AdditionalShippingCost;Unity;UnityPrice;ShortDescription;Description;Tags;Metatitle;MetaKeywords;MetaDescription;UrlRewritten;TextStock;TextBackorder;Avaiable;ProductAvaiableDate;ProductCreationDate;ShowPrice;ImageUrls;DeleteExistingImages;Feature;AvaiableOnline;Condition;Customizable;Uploadable;TextFields;OutStock;IdNameShop;AdvancedStockManagement;DependsOnStock;Warehouse
ID;Active;Name;Categories;Price;Tax;"Wholesale price";OnSale;Discount;DiscountPercent;DiscountFrom;DiscountTo;Reference;SupplierReference;Supplier;Manufacturer;Ean13;Upc;Ecotax;Width;Height;Depth;Weight;Quantity;MinimalQuantity;Visibility;AdditionalShippingCost;Unity;UnityPrice;ShortDescription;Description;Tags;Metatitle;MetaKeywords;MetaDescription;UrlRewritten;TextStock;TextBackorder;Avaiable;ProductAvaiableDate;ProductCreationDate;ShowPrice;ImageUrls;DeleteExistingImages;Feature;AvaiableOnline;Condition;Customizable;Uploadable;TextFields;OutStock;IdNameShop;AdvancedStockManagement;DependsOnStock;Warehouse
ID;Active;Name;Categories;Price;Tax;"Wholesale price";OnSale;Discount;DiscountPercent;DiscountFrom;DiscountTo;Reference;SupplierReference;Supplier;Manufacturer;Ean13;Upc;Ecotax;Width;Height;Depth;Weight;Quantity;MinimalQuantity;Visibility;AdditionalShippingCost;Unity;UnityPrice;ShortDescription;Description;Tags;Metatitle;MetaKeywords;MetaDescription;UrlRewritten;TextStock;TextBackorder;Avaiable;ProductAvaiableDate;ProductCreationDate;ShowPrice;ImageUrls;DeleteExistingImages;Feature;AvaiableOnline;Condition;Customizable;Uploadable;TextFields;OutStock;IdNameShop;AdvancedStockManagement;DependsOnStock;Warehouse
ID;Active;Name;Categories;Price;Tax;"Wholesale price";OnSale;Discount;DiscountPercent;DiscountFrom;DiscountTo;Reference;SupplierReference;Supplier;Manufacturer;Ean13;Upc;Ecotax;Width;Height;Depth;Weight;Quantity;MinimalQuantity;Visibility;AdditionalShippingCost;Unity;UnityPrice;ShortDescription;Description;Tags;Metatitle;MetaKeywords;MetaDescription;UrlRewritten;TextStock;TextBackorder;Avaiable;ProductAvaiableDate;ProductCreationDate;ShowPrice;ImageUrls;DeleteExistingImages;Feature;AvaiableOnline;Condition;Customizable;Uploadable;TextFields;OutStock;IdNameShop;AdvancedStockManagement;DependsOnStock;Warehouse
ID;Active;Name;Categories;Price;Tax;"Wholesale price";OnSale;Discount;DiscountPercent;DiscountFrom;DiscountTo;Reference;SupplierReference;Supplier;Manufacturer;Ean13;Upc;Ecotax;Width;Height;Depth;Weight;Quantity;MinimalQuantity;Visibility;AdditionalShippingCost;Unity;UnityPrice;ShortDescription;Description;Tags;Metatitle;MetaKeywords;MetaDescription;UrlRewritten;TextStock;TextBackorder;Avaiable;ProductAvaiableDate;ProductCreationDate;ShowPrice;ImageUrls;DeleteExistingImages;Feature;AvaiableOnline;Condition;Customizable;Uploadable;TextFields;OutStock;IdNameShop;AdvancedStockManagement;DependsOnStock;Warehouse
ID;Active;Name;Categories;Price;Tax;"Wholesale price";OnSale;Discount;DiscountPercent;DiscountFrom;DiscountTo;Reference;SupplierReference;Supplier;Manufacturer;Ean13;Upc;Ecotax;Width;Height;Depth;Weight;Quantity;MinimalQuantity;Visibility;AdditionalShippingCost;Unity;UnityPrice;ShortDescription;Description;Tags;Metatitle;MetaKeywords;MetaDescription;UrlRewritten;TextStock;TextBackorder;Avaiable;ProductAvaiableDate;ProductCreationDate;ShowPrice;ImageUrls;DeleteExistingImages;Feature;AvaiableOnline;Condition;Customizable;Uploadable;TextFields;OutStock;IdNameShop;AdvancedStockManagement;DependsOnStock;Warehouse
ID;Active;Name;Categories;Price;Tax;"Wholesale price";OnSale;Discount;DiscountPercent;DiscountFrom;DiscountTo;Reference;SupplierReference;Supplier;Manufacturer;Ean13;Upc;Ecotax;Width;Height;Depth;Weight;Quantity;MinimalQuantity;Visibility;AdditionalShippingCost;Unity;UnityPrice;ShortDescription;Description;Tags;Metatitle;MetaKeywords;MetaDescription;UrlRewritten;TextStock;TextBackorder;Avaiable;ProductAvaiableDate;ProductCreationDate;ShowPrice;ImageUrls;DeleteExistingImages;Feature;AvaiableOnline;Condition;Customizable;Uploadable;TextFields;OutStock;IdNameShop;AdvancedStockManagement;DependsOnStock;Warehouse
ID;Active;Name;Categories;Price;Tax;"Wholesale price";OnSale;Discount;DiscountPercent;DiscountFrom;DiscountTo;Reference;SupplierReference;Supplier;Manufacturer;Ean13;Upc;Ecotax;Width;Height;Depth;Weight;Quantity;MinimalQuantity;Visibility;AdditionalShippingCost;Unity;UnityPrice;ShortDescription;Description;Tags;Metatitle;MetaKeywords;MetaDescription;UrlRewritten;TextStock;TextBackorder;Avaiable;ProductAvaiableDate;ProductCreationDate;ShowPrice;ImageUrls;DeleteExistingImages;Feature;AvaiableOnline;Condition;Customizable;Uploadable;TextFields;OutStock;IdNameShop;AdvancedStockManagement;DependsOnStock;Warehouse
ID;Active;Name;Categories;Price;Tax;"Wholesale price";OnSale;Discount;DiscountPercent;DiscountFrom;DiscountTo;Reference;SupplierReference;Supplier;Manufacturer;Ean13;Upc;Ecotax;Width;Height;Depth;Weight;Quantity;MinimalQuantity;Visibility;AdditionalShippingCost;Unity;UnityPrice;ShortDescription;Description;Tags;Metatitle;MetaKeywords;MetaDescription;UrlRewritten;TextStock;TextBackorder;Avaiable;ProductAvaiableDate;ProductCreationDate;ShowPrice;ImageUrls;DeleteExistingImages;Feature;AvaiableOnline;Condition;Customizable;Uploadable;TextFields;OutStock;IdNameShop;AdvancedStockManagement;DependsOnStock;Warehouse
ID;Active;Name;Categories;Price;Tax;"Wholesale price";OnSale;Discount;DiscountPercent;DiscountFrom;DiscountTo;Reference;SupplierReference;Supplier;Manufacturer;Ean13;Upc;Ecotax;Width;Height;Depth;Weight;Quantity;MinimalQuantity;Visibility;AdditionalShippingCost;Unity;UnityPrice;ShortDescription;Description;Tags;Metatitle;MetaKeywords;MetaDescription;UrlRewritten;TextStock;TextBackorder;Avaiable;ProductAvaiableDate;ProductCreationDate;ShowPrice;ImageUrls;DeleteExistingImages;Feature;AvaiableOnline;Condition;Customizable;Uploadable;TextFields;OutStock;IdNameShop;AdvancedStockManagement;DependsOnStock;Warehouse
ID;Active;Name;Categories;Price;Tax;"Wholesale price";OnSale;Discount;DiscountPercent;DiscountFrom;DiscountTo;Reference;SupplierReference;Supplier;Manufacturer;Ean13;Upc;Ecotax;Width;Height;Depth;Weight;Quantity;MinimalQuantity;Visibility;AdditionalShippingCost;Unity;UnityPrice;ShortDescription;Description;Tags;Metatitle;MetaKeywords;MetaDescription;UrlRewritten;TextStock;TextBackorder;Avaiable;ProductAvaiableDate;ProductCreationDate;ShowPrice;ImageUrls;DeleteExistingImages;Feature;AvaiableOnline;Condition;Customizable;Uploadable;TextFields;OutStock;IdNameShop;AdvancedStockManagement;DependsOnStock;Warehouse
ID;Active;Name;Categories;Price;Tax;"Wholesale price";OnSale;Discount;DiscountPercent;DiscountFrom;DiscountTo;Reference;SupplierReference;Supplier;Manufacturer;Ean13;Upc;Ecotax;Width;Height;Depth;Weight;Quantity;MinimalQuantity;Visibility;AdditionalShippingCost;Unity;UnityPrice;ShortDescription;Description;Tags;Metatitle;MetaKeywords;MetaDescription;UrlRewritten;TextStock;TextBackorder;Avaiable;ProductAvaiableDate;ProductCreationDate;ShowPrice;ImageUrls;DeleteExistingImages;Feature;AvaiableOnline;Condition;Customizable;Uploadable;TextFields;OutStock;IdNameShop;AdvancedStockManagement;DependsOnStock;Warehouse
ID;Active;Name;Categories;Price;Tax;"Wholesale price";OnSale;Discount;DiscountPercent;DiscountFrom;DiscountTo;Reference;SupplierReference;Supplier;Manufacturer;Ean13;Upc;Ecotax;Width;Height;Depth;Weight;Quantity;MinimalQuantity;Visibility;AdditionalShippingCost;Unity;UnityPrice;ShortDescription;Description;Tags;Metatitle;MetaKeywords;MetaDescription;UrlRewritten;TextStock;TextBackorder;Avaiable;ProductAvaiableDate;ProductCreationDate;ShowPrice;ImageUrls;DeleteExistingImages;Feature;AvaiableOnline;Condition;Customizable;Uploadable;TextFields;OutStock;IdNameShop;AdvancedStockManagement;DependsOnStock;Warehouse
ID;Active;Name;Categories;Price;Tax;"Wholesale price";OnSale;Discount;DiscountPercent;DiscountFrom;DiscountTo;Reference;SupplierReference;Supplier;Manufacturer;Ean13;Upc;Ecotax;Width;Height;Depth;Weight;Quantity;MinimalQuantity;Visibility;AdditionalShippingCost;Unity;UnityPrice;ShortDescription;Description;Tags;Metatitle;MetaKeywords;MetaDescription;UrlRewritten;TextStock;TextBackorder;Avaiable;ProductAvaiableDate;ProductCreationDate;ShowPrice;ImageUrls;DeleteExistingImages;Feature;AvaiableOnline;Condition;Customizable;Uploadable;TextFields;OutStock;IdNameShop;AdvancedStockManagement;DependsOnStock;Warehouse
ID;Active;Name;Categories;Price;Tax;"Wholesale price";OnSale;Discount;DiscountPercent;DiscountFrom;DiscountTo;Reference;SupplierReference;Supplier;Manufacturer;Ean13;Upc;Ecotax;Width;Height;Depth;Weight;Quantity;MinimalQuantity;Visibility;AdditionalShippingCost;Unity;UnityPrice;ShortDescription;Description;Tags;Metatitle;MetaKeywords;MetaDescription;UrlRewritten;TextStock;TextBackorder;Avaiable;ProductAvaiableDate;ProductCreationDate;ShowPrice;ImageUrls;DeleteExistingImages;Feature;AvaiableOnline;Condition;Customizable;Uploadable;TextFields;OutStock;IdNameShop;AdvancedStockManagement;DependsOnStock;Warehouse
ID;Active;Name;Categories;Price;Tax;"Wholesale price";OnSale;Discount;DiscountPercent;DiscountFrom;DiscountTo;Reference;SupplierReference;Supplier;Manufacturer;Ean13;Upc;Ecotax;Width;Height;Depth;Weight;Quantity;MinimalQuantity;Visibility;AdditionalShippingCost;Unity;UnityPrice;ShortDescription;Description;Tags;Metatitle;MetaKeywords;MetaDescription;UrlRewritten;TextStock;TextBackorder;Avaiable;ProductAvaiableDate;ProductCreationDate;ShowPrice;ImageUrls;DeleteExistingImages;Feature;AvaiableOnline;Condition;Customizable;Uploadable;TextFields;OutStock;IdNameShop;AdvancedStockManagement;DependsOnStock;Warehouse
ID;Active;Name;Categories;Price;Tax;"Wholesale price";OnSale;Discount;DiscountPercent;DiscountFrom;DiscountTo;Reference;SupplierReference;Supplier;Manufacturer;Ean13;Upc;Ecotax;Width;Height;Depth;Weight;Quantity;MinimalQuantity;Visibility;AdditionalShippingCost;Unity;UnityPrice;ShortDescription;Description;Tags;Metatitle;MetaKeywords;MetaDescription;UrlRewritten;TextStock;TextBackorder;Avaiable;ProductAvaiableDate;ProductCreationDate;ShowPrice;ImageUrls;DeleteExistingImages;Feature;AvaiableOnline;Condition;Customizable;Uploadable;TextFields;OutStock;IdNameShop;AdvancedStockManagement;DependsOnStock;Warehouse
ID;Active;Name;Categories;Price;Tax;"Wholesale price";OnSale;Discount;DiscountPercent;DiscountFrom;DiscountTo;Reference;SupplierReference;Supplier;Manufacturer;Ean13;Upc;Ecotax;Width;Height;Depth;Weight;Quantity;MinimalQuantity;Visibility;AdditionalShippingCost;Unity;UnityPrice;ShortDescription;Description;Tags;Metatitle;MetaKeywords;MetaDescription;UrlRewritten;TextStock;TextBackorder;Avaiable;ProductAvaiableDate;ProductCreationDate;ShowPrice;ImageUrls;DeleteExistingImages;Feature;AvaiableOnline;Condition;Customizable;Uploadable;TextFields;OutStock;IdNameShop;AdvancedStockManagement;DependsOnStock;Warehouse
ID;Active;Name;Categories;Price;Tax;"Wholesale price";OnSale;Discount;DiscountPercent;DiscountFrom;DiscountTo;Reference;SupplierReference;Supplier;Manufacturer;Ean13;Upc;Ecotax;Width;Height;Depth;Weight;Quantity;MinimalQuantity;Visibility;AdditionalShippingCost;Unity;UnityPrice;ShortDescription;Description;Tags;Metatitle;MetaKeywords;MetaDescription;UrlRewritten;TextStock;TextBackorder;Avaiable;ProductAvaiableDate;ProductCreationDate;ShowPrice;ImageUrls;DeleteExistingImages;Feature;AvaiableOnline;Condition;Customizable;Uploadable;TextFields;OutStock;IdNameShop;AdvancedStockManagement;DependsOnStock;Warehouse
ID;Active;Name;Categories;Price;Tax;"Wholesale price";OnSale;Discount;DiscountPercent;DiscountFrom;DiscountTo;Reference;SupplierReference;Supplier;Manufacturer;Ean13;Upc;Ecotax;Width;Height;Depth;Weight;Quantity;MinimalQuantity;Visibility;AdditionalShippingCost;Unity;UnityPrice;ShortDescription;Description;Tags;Metatitle;MetaKeywords;MetaDescription;UrlRewritten;TextStock;TextBackorder;Avaiable;ProductAvaiableDate;ProductCreationDate;ShowPrice;ImageUrls;DeleteExistingImages;Feature;AvaiableOnline;Condition;Customizable;Uploadable;TextFields;OutStock;IdNameShop;AdvancedStockManagement;DependsOnStock;Warehouse
ID;Active;Name;Categories;Price;Tax;"Wholesale price";OnSale;Discount;DiscountPercent;DiscountFrom;DiscountTo;Reference;SupplierReference;Supplier;Manufacturer;Ean13;Upc;Ecotax;Width;Height;Depth;Weight;Quantity;MinimalQuantity;Visibility;AdditionalShippingCost;Unity;UnityPrice;ShortDescription;Description;Tags;Metatitle;MetaKeywords;MetaDescription;UrlRewritten;TextStock;TextBackorder;Avaiable;ProductAvaiableDate;ProductCreationDate;ShowPrice;ImageUrls;DeleteExistingImages;Feature;AvaiableOnline;Condition;Customizable;Uploadable;TextFields;OutStock;IdNameShop;AdvancedStockManagement;DependsOnStock;Warehouse
ID;Active;Name;Categories;Price;Tax;"Wholesale price";OnSale;Discount;DiscountPercent;DiscountFrom;DiscountTo;Reference;SupplierReference;Supplier;Manufacturer;Ean13;Upc;Ecotax;Width;Height;Depth;Weight;Quantity;MinimalQuantity;Visibility;AdditionalShippingCost;Unity;UnityPrice;ShortDescription;Description;Tags;Metatitle;MetaKeywords;MetaDescription;UrlRewritten;TextStock;TextBackorder;Avaiable;ProductAvaiableDate;ProductCreationDate;ShowPrice;ImageUrls;DeleteExistingImages;Feature;AvaiableOnline;Condition;Customizable;Uploadable;TextFields;OutStock;IdNameShop;AdvancedStockManagement;DependsOnStock;Warehouse
ID;Active;Name;Categories;Price;Tax;"Wholesale price";OnSale;Discount;DiscountPercent;DiscountFrom;DiscountTo;Reference;SupplierReference;Supplier;Manufacturer;Ean13;Upc;Ecotax;Width;Height;Depth;Weight;Quantity;MinimalQuantity;Visibility;AdditionalShippingCost;Unity;UnityPrice;ShortDescription;Description;Tags;Metatitle;MetaKeywords;MetaDescription;UrlRewritten;TextStock;TextBackorder;Avaiable;ProductAvaiableDate;ProductCreationDate;ShowPrice;ImageUrls;DeleteExistingImages;Feature;AvaiableOnline;Condition;Customizable;Uploadable;TextFields;OutStock;IdNameShop;AdvancedStockManagement;DependsOnStock;Warehouse
ID;Active;Name;Categories;Price;Tax;"Wholesale price";OnSale;Discount;DiscountPercent;DiscountFrom;DiscountTo;Reference;SupplierReference;Supplier;Manufacturer;Ean13;Upc;Ecotax;Width;Height;Depth;Weight;Quantity;MinimalQuantity;Visibility;AdditionalShippingCost;Unity;UnityPrice;ShortDescription;Description;Tags;Metatitle;MetaKeywords;MetaDescription;UrlRewritten;TextStock;TextBackorder;Avaiable;ProductAvaiableDate;ProductCreationDate;ShowPrice;ImageUrls;DeleteExistingImages;Feature;AvaiableOnline;Condition;Customizable;Uploadable;TextFields;OutStock;IdNameShop;AdvancedStockManagement;DependsOnStock;Warehouse
ID;Active;Name;Categories;Price;Tax;"Wholesale price";OnSale;Discount;DiscountPercent;DiscountFrom;DiscountTo;Reference;SupplierReference;Supplier;Manufacturer;Ean13;Upc;Ecotax;Width;Height;Depth;Weight;Quantity;MinimalQuantity;Visibility;AdditionalShippingCost;Unity;UnityPrice;ShortDescription;Description;Tags;Metatitle;MetaKeywords;MetaDescription;UrlRewritten;TextStock;TextBackorder;Avaiable;ProductAvaiableDate;ProductCreationDate;ShowPrice;ImageUrls;DeleteExistingImages;Feature;AvaiableOnline;Condition;Customizable;Uploadable;TextFields;OutStock;IdNameShop;AdvancedStockManagement;DependsOnStock;Warehouse
ID;Active;Name;Categories;Price;Tax;"Wholesale price";OnSale;Discount;DiscountPercent;DiscountFrom;DiscountTo;Reference;SupplierReference;Supplier;Manufacturer;Ean13;Upc;Ecotax;Width;Height;Depth;Weight;Quantity;MinimalQuantity;Visibility;AdditionalShippingCost;Unity;UnityPrice;ShortDescription;Description;Tags;Metatitle;MetaKeywords;MetaDescription;UrlRewritten;TextStock;TextBackorder;Avaiable;ProductAvaiableDate;ProductCreationDate;ShowPrice;ImageUrls;DeleteExistingImages;Feature;AvaiableOnline;Condition;Customizable;Uploadable;TextFields;OutStock;IdNameShop;AdvancedStockManagement;DependsOnStock;Warehouse
ID;Active;Name;Categories;Price;Tax;"Wholesale price";OnSale;Discount;DiscountPercent;DiscountFrom;DiscountTo;Reference;SupplierReference;Supplier;Manufacturer;Ean13;Upc;Ecotax;Width;Height;Depth;Weight;Quantity;MinimalQuantity;Visibility;AdditionalShippingCost;Unity;UnityPrice;ShortDescription;Description;Tags;Metatitle;MetaKeywords;MetaDescription;UrlRewritten;TextStock;TextBackorder;Avaiable;ProductAvaiableDate;ProductCreationDate;ShowPrice;ImageUrls;DeleteExistingImages;Feature;AvaiableOnline;Condition;Customizable;Uploadable;TextFields;OutStock;IdNameShop;AdvancedStockManagement;DependsOnStock;Warehouse
ID;Active;Name;Categories;Price;Tax;"Wholesale price";OnSale;Discount;DiscountPercent;DiscountFrom;DiscountTo;Reference;SupplierReference;Supplier;Manufacturer;Ean13;Upc;Ecotax;Width;Height;Depth;Weight;Quantity;MinimalQuantity;Visibility;AdditionalShippingCost;Unity;UnityPrice;ShortDescription;Description;Tags;Metatitle;MetaKeywords;MetaDescription;UrlRewritten;TextStock;TextBackorder;Avaiable;ProductAvaiableDate;ProductCreationDate;ShowPrice;ImageUrls;DeleteExistingImages;Feature;AvaiableOnline;Condition;Customizable;Uploadable;TextFields;OutStock;IdNameShop;AdvancedStockManagement;DependsOnStock;Warehouse
ID;Active;Name;Categories;Price;Tax;"Wholesale price";OnSale;Discount;DiscountPercent;DiscountFrom;DiscountTo;Reference;SupplierReference;Supplier;Manufacturer;Ean13;Upc;Ecotax;Width;Height;Depth;Weight;Quantity;MinimalQuantity;Visibility;AdditionalShippingCost;Unity;UnityPrice;ShortDescription;Description;Tags;Metatitle;MetaKeywords;MetaDescription;UrlRewritten;TextStock;TextBackorder;Avaiable;ProductAvaiableDate;ProductCreationDate;ShowPrice;ImageUrls;DeleteExistingImages;Feature;AvaiableOnline;Condition;Customizable;Uploadable;TextFields;OutStock;IdNameShop;AdvancedStockManagement;DependsOnStock;Warehouse
ID;Active;Name;Categories;Price;Tax;"Wholesale price";OnSale;Discount;DiscountPercent;DiscountFrom;DiscountTo;Reference;SupplierReference;Supplier;Manufacturer;Ean13;Upc;Ecotax;Width;Height;Depth;Weight;Quantity;MinimalQuantity;Visibility;AdditionalShippingCost;Unity;UnityPrice;ShortDescription;Description;Tags;Metatitle;MetaKeywords;MetaDescription;UrlRewritten;TextStock;TextBackorder;Avaiable;ProductAvaiableDate;ProductCreationDate;ShowPrice;ImageUrls;DeleteExistingImages;Feature;AvaiableOnline;Condition;Customizable;Uploadable;TextFields;OutStock;IdNameShop;AdvancedStockManagement;DependsOnStock;Warehouse
ID;Active;Name;Categories;Price;Tax;"Wholesale price";OnSale;Discount;DiscountPercent;DiscountFrom;DiscountTo;Reference;SupplierReference;Supplier;Manufacturer;Ean13;Upc;Ecotax;Width;Height;Depth;Weight;Quantity;MinimalQuantity;Visibility;AdditionalShippingCost;Unity;UnityPrice;ShortDescription;Description;Tags;Metatitle;MetaKeywords;MetaDescription;UrlRewritten;TextStock;TextBackorder;Avaiable;ProductAvaiableDate;ProductCreationDate;ShowPrice;ImageUrls;DeleteExistingImages;Feature;AvaiableOnline;Condition;Customizable;Uploadable;TextFields;OutStock;IdNameShop;AdvancedStockManagement;DependsOnStock;Warehouse
ID;Active;Name;Categories;Price;Tax;"Wholesale price";OnSale;Discount;DiscountPercent;DiscountFrom;DiscountTo;Reference;SupplierReference;Supplier;Manufacturer;Ean13;Upc;Ecotax;Width;Height;Depth;Weight;Quantity;MinimalQuantity;Visibility;AdditionalShippingCost;Unity;UnityPrice;ShortDescription;Description;Tags;Metatitle;MetaKeywords;MetaDescription;UrlRewritten;TextStock;TextBackorder;Avaiable;ProductAvaiableDate;ProductCreationDate;ShowPrice;ImageUrls;DeleteExistingImages;Feature;AvaiableOnline;Condition;Customizable;Uploadable;TextFields;OutStock;IdNameShop;AdvancedStockManagement;DependsOnStock;Warehouse
ID;Active;Name;Categories;Price;Tax;"Wholesale price";OnSale;Discount;DiscountPercent;DiscountFrom;DiscountTo;Reference;SupplierReference;Supplier;Manufacturer;Ean13;Upc;Ecotax;Width;Height;Depth;Weight;Quantity;MinimalQuantity;Visibility;AdditionalShippingCost;Unity;UnityPrice;ShortDescription;Description;Tags;Metatitle;MetaKeywords;MetaDescription;UrlRewritten;TextStock;TextBackorder;Avaiable;ProductAvaiableDate;ProductCreationDate;ShowPrice;ImageUrls;DeleteExistingImages;Feature;AvaiableOnline;Condition;Customizable;Uploadable;TextFields;OutStock;IdNameShop;AdvancedStockManagement;DependsOnStock;Warehouse
ID;Active;Name;Categories;Price;Tax;"Wholesale price";OnSale;Discount;DiscountPercent;DiscountFrom;DiscountTo;Reference;SupplierReference;Supplier;Manufacturer;Ean13;Upc;Ecotax;Width;Height;Depth;Weight;Quantity;MinimalQuantity;Visibility;AdditionalShippingCost;Unity;UnityPrice;ShortDescription;Description;Tags;Metatitle;MetaKeywords;MetaDescription;UrlRewritten;TextStock;TextBackorder;Avaiable;ProductAvaiableDate;ProductCreationDate;ShowPrice;ImageUrls;DeleteExistingImages;Feature;AvaiableOnline;Condition;Customizable;Uploadable;TextFields;OutStock;IdNameShop;AdvancedStockManagement;DependsOnStock;Warehouse
ID;Active;Name;Categories;Price;Tax;"Wholesale price";OnSale;Discount;DiscountPercent;DiscountFrom;DiscountTo;Reference;SupplierReference;Supplier;Manufacturer;Ean13;Upc;Ecotax;Width;Height;Depth;Weight;Quantity;MinimalQuantity;Visibility;AdditionalShippingCost;Unity;UnityPrice;ShortDescription;Description;Tags;Metatitle;MetaKeywords;MetaDescription;UrlRewritten;TextStock;TextBackorder;Avaiable;ProductAvaiableDate;ProductCreationDate;ShowPrice;ImageUrls;DeleteExistingImages;Feature;AvaiableOnline;Condition;Customizable;Uploadable;TextFields;OutStock;IdNameShop;AdvancedStockManagement;DependsOnStock;Warehouse
ID;Active;Name;Categories;Price;Tax;"Wholesale price";OnSale;Discount;DiscountPercent;DiscountFrom;DiscountTo;Reference;SupplierReference;Supplier;Manufacturer;Ean13;Upc;Ecotax;Width;Height;Depth;Weight;Quantity;MinimalQuantity;Visibility;AdditionalShippingCost;Unity;UnityPrice;ShortDescription;Description;Tags;Metatitle;MetaKeywords;MetaDescription;UrlRewritten;TextStock;TextBackorder;Avaiable;ProductAvaiableDate;ProductCreationDate;ShowPrice;ImageUrls;DeleteExistingImages;Feature;AvaiableOnline;Condition;Customizable;Uploadable;TextFields;OutStock;IdNameShop;AdvancedStockManagement;DependsOnStock;Warehouse
ID;Active;Name;Categories;Price;Tax;"Wholesale price";OnSale;Discount;DiscountPercent;DiscountFrom;DiscountTo;Reference;SupplierReference;Supplier;Manufacturer;Ean13;Upc;Ecotax;Width;Height;Depth;Weight;Quantity;MinimalQuantity;Visibility;AdditionalShippingCost;Unity;UnityPrice;ShortDescription;Description;Tags;Metatitle;MetaKeywords;MetaDescription;UrlRewritten;TextStock;TextBackorder;Avaiable;ProductAvaiableDate;ProductCreationDate;ShowPrice;ImageUrls;DeleteExistingImages;Feature;AvaiableOnline;Condition;Customizable;Uploadable;TextFields;OutStock;IdNameShop;AdvancedStockManagement;DependsOnStock;Warehouse
ID;Active;Name;Categories;Price;Tax;"Wholesale price";OnSale;Discount;DiscountPercent;DiscountFrom;DiscountTo;Reference;SupplierReference;Supplier;Manufacturer;Ean13;Upc;Ecotax;Width;Height;Depth;Weight;Quantity;MinimalQuantity;Visibility;AdditionalShippingCost;Unity;UnityPrice;ShortDescription;Description;Tags;Metatitle;MetaKeywords;MetaDescription;UrlRewritten;TextStock;TextBackorder;Avaiable;ProductAvaiableDate;ProductCreationDate;ShowPrice;ImageUrls;DeleteExistingImages;Feature;AvaiableOnline;Condition;Customizable;Uploadable;TextFields;OutStock;IdNameShop;AdvancedStockManagement;DependsOnStock;Warehouse
ID;Active;Name;Categories;Price;Tax;"Wholesale price";OnSale;Discount;DiscountPercent;DiscountFrom;DiscountTo;Reference;SupplierReference;Supplier;Manufacturer;Ean13;Upc;Ecotax;Width;Height;Depth;Weight;Quantity;MinimalQuantity;Visibility;AdditionalShippingCost;Unity;UnityPrice;ShortDescription;Description;Tags;Metatitle;MetaKeywords;MetaDescription;UrlRewritten;TextStock;TextBackorder;Avaiable;ProductAvaiableDate;ProductCreationDate;ShowPrice;ImageUrls;DeleteExistingImages;Feature;AvaiableOnline;Condition;Customizable;Uploadable;TextFields;OutStock;IdNameShop;AdvancedStockManagement;DependsOnStock;Warehouse
ID;Active;Name;Categories;Price;Tax;"Wholesale price";OnSale;Discount;DiscountPercent;DiscountFrom;DiscountTo;Reference;SupplierReference;Supplier;Manufacturer;Ean13;Upc;Ecotax;Width;Height;Depth;Weight;Quantity;MinimalQuantity;Visibility;AdditionalShippingCost;Unity;UnityPrice;ShortDescription;Description;Tags;Metatitle;MetaKeywords;MetaDescription;UrlRewritten;TextStock;TextBackorder;Avaiable;ProductAvaiableDate;ProductCreationDate;ShowPrice;ImageUrls;DeleteExistingImages;Feature;AvaiableOnline;Condition;Customizable;Uploadable;TextFields;OutStock;IdNameShop;AdvancedStockManagement;DependsOnStock;Warehouse
ID;Active;Name;Categories;Price;Tax;"Wholesale price";OnSale;Discount;DiscountPercent;DiscountFrom;DiscountTo;Reference;SupplierReference;Supplier;Manufacturer;Ean13;Upc;Ecotax;Width;Height;Depth;Weight;Quantity;MinimalQuantity;Visibility;AdditionalShippingCost;Unity;UnityPrice;ShortDescription;Description;Tags;Metatitle;MetaKeywords;MetaDescription;UrlRewritten;TextStock;TextBackorder;Avaiable;ProductAvaiableDate;ProductCreationDate;ShowPrice;ImageUrls;DeleteExistingImages;Feature;AvaiableOnline;Condition;Customizable;Uploadable;TextFields;OutStock;IdNameShop;AdvancedStockManagement;DependsOnStock;Warehouse
ID;Active;Name;Categories;Price;Tax;"Wholesale price";OnSale;Discount;DiscountPercent;DiscountFrom;DiscountTo;Reference;SupplierReference;Supplier;Manufacturer;Ean13;Upc;Ecotax;Width;Height;Depth;Weight;Quantity;MinimalQuantity;Visibility;AdditionalShippingCost;Unity;UnityPrice;ShortDescription;Description;Tags;Metatitle;MetaKeywords;MetaDescription;UrlRewritten;TextStock;TextBackorder;Avaiable;ProductAvaiableDate;ProductCreationDate;ShowPrice;ImageUrls;DeleteExistingImages;Feature;AvaiableOnline;Condition;Customizable;Uploadable;TextFields;OutStock;IdNameShop;AdvancedStockManagement;DependsOnStock;Warehouse
ID;Active;Name;Categories;Price;Tax;"Wholesale price";OnSale;Discount;DiscountPercent;DiscountFrom;DiscountTo;Reference;SupplierReference;Supplier;Manufacturer;Ean13;Upc;Ecotax;Width;Height;Depth;Weight;Quantity;MinimalQuantity;Visibility;AdditionalShippingCost;Unity;UnityPrice;ShortDescription;Description;Tags;Metatitle;MetaKeywords;MetaDescription;UrlRewritten;TextStock;TextBackorder;Avaiable;ProductAvaiableDate;ProductCreationDate;ShowPrice;ImageUrls;DeleteExistingImages;Feature;AvaiableOnline;Condition;Customizable;Uploadable;TextFields;OutStock;IdNameShop;AdvancedStockManagement;DependsOnStock;Warehouse
ID;Active;Name;Categories;Price;Tax;"Wholesale price";OnSale;Discount;DiscountPercent;DiscountFrom;DiscountTo;Reference;SupplierReference;Supplier;Manufacturer;Ean13;Upc;Ecotax;Width;Height;Depth;Weight;Quantity;MinimalQuantity;Visibility;AdditionalShippingCost;Unity;UnityPrice;ShortDescription;Description;Tags;Metatitle;MetaKeywords;MetaDescription;UrlRewritten;TextStock;TextBackorder;Avaiable;ProductAvaiableDate;ProductCreationDate;ShowPrice;ImageUrls;DeleteExistingImages;Feature;AvaiableOnline;Condition;Customizable;Uploadable;TextFields;OutStock;IdNameShop;AdvancedStockManagement;DependsOnStock;Warehouse
ID;Active;Name;Categories;Price;Tax;"Wholesale price";OnSale;Discount;DiscountPercent;DiscountFrom;DiscountTo;Reference;SupplierReference;Supplier;Manufacturer;Ean13;Upc;Ecotax;Width;Height;Depth;Weight;Quantity;MinimalQuantity;Visibility;AdditionalShippingCost;Unity;UnityPrice;ShortDescription;Description;Tags;Metatitle;MetaKeywords;MetaDescription;UrlRewritten;TextStock;TextBackorder;Avaiable;ProductAvaiableDate;ProductCreationDate;ShowPrice;ImageUrls;DeleteExistingImages;Feature;AvaiableOnline;Condition;Customizable;Uploadable;TextFields;OutStock;IdNameShop;AdvancedStockManagement;DependsOnStock;Warehouse
ID;Active;Name;Categories;Price;Tax;"Wholesale price";OnSale;Discount;DiscountPercent;DiscountFrom;DiscountTo;Reference;SupplierReference;Supplier;Manufacturer;Ean13;Upc;Ecotax;Width;Height;Depth;Weight;Quantity;MinimalQuantity;Visibility;AdditionalShippingCost;Unity;UnityPrice;ShortDescription;Description;Tags;Metatitle;MetaKeywords;MetaDescription;UrlRewritten;TextStock;TextBackorder;Avaiable;ProductAvaiableDate;ProductCreationDate;ShowPrice;ImageUrls;DeleteExistingImages;Feature;AvaiableOnline;Condition;Customizable;Uploadable;TextFields;OutStock;IdNameShop;AdvancedStockManagement;DependsOnStock;Warehouse
ID;Active;Name;Categories;Price;Tax;"Wholesale price";OnSale;Discount;DiscountPercent;DiscountFrom;DiscountTo;Reference;SupplierReference;Supplier;Manufacturer;Ean13;Upc;Ecotax;Width;Height;Depth;Weight;Quantity;MinimalQuantity;Visibility;AdditionalShippingCost;Unity;UnityPrice;ShortDescription;Description;Tags;Metatitle;MetaKeywords;MetaDescription;UrlRewritten;TextStock;TextBackorder;Avaiable;ProductAvaiableDate;ProductCreationDate;ShowPrice;ImageUrls;DeleteExistingImages;Feature;AvaiableOnline;Condition;Customizable;Uploadable;TextFields;OutStock;IdNameShop;AdvancedStockManagement;DependsOnStock;Warehouse
ID;Active;Name;Categories;Price;Tax;"Wholesale price";OnSale;Discount;DiscountPercent;DiscountFrom;DiscountTo;Reference;SupplierReference;Supplier;Manufacturer;Ean13;Upc;Ecotax;Width;Height;Depth;Weight;Quantity;MinimalQuantity;Visibility;AdditionalShippingCost;Unity;UnityPrice;ShortDescription;Description;Tags;Metatitle;MetaKeywords;MetaDescription;UrlRewritten;TextStock;TextBackorder;Avaiable;ProductAvaiableDate;ProductCreationDate;ShowPrice;ImageUrls;DeleteExistingImages;Feature;AvaiableOnline;Condition;Customizable;Uploadable;TextFields;OutStock;IdNameShop;AdvancedStockManagement;DependsOnStock;Warehouse
ID;Active;Name;Categories;Price;Tax;"Wholesale price";OnSale;Discount;DiscountPercent;DiscountFrom;DiscountTo;Reference;SupplierReference;Supplier;Manufacturer;Ean13;Upc;Ecotax;Width;Height;Depth;Weight;Quantity;MinimalQuantity;Visibility;AdditionalShippingCost;Unity;UnityPrice;ShortDescription;Description;Tags;Metatitle;MetaKeywords;MetaDescription;UrlRewritten;TextStock;TextBackorder;Avaiable;ProductAvaiableDate;ProductCreationDate;ShowPrice;ImageUrls;DeleteExistingImages;Feature;AvaiableOnline;Condition;Customizable;Uploadable;TextFields;OutStock;IdNameShop;AdvancedStockManagement;DependsOnStock;Warehouse
ID;Active;Name;Categories;Price;Tax;"Wholesale price";OnSale;Discount;DiscountPercent;DiscountFrom;DiscountTo;Reference;SupplierReference;Supplier;Manufacturer;Ean13;Upc;Ecotax;Width;Height;Depth;Weight;Quantity;MinimalQuantity;Visibility;AdditionalShippingCost;Unity;UnityPrice;ShortDescription;Description;Tags;Metatitle;MetaKeywords;MetaDescription;UrlRewritten;TextStock;TextBackorder;Avaiable;ProductAvaiableDate;ProductCreationDate;ShowPrice;ImageUrls;DeleteExistingImages;Feature;AvaiableOnline;Condition;Customizable;Uploadable;TextFields;OutStock;IdNameShop;AdvancedStockManagement;DependsOnStock;Warehouse
ID;Active;Name;Categories;Price;Tax;"Wholesale price";OnSale;Discount;DiscountPercent;DiscountFrom;DiscountTo;Reference;SupplierReference;Supplier;Manufacturer;Ean13;Upc;Ecotax;Width;Height;Depth;Weight;Quantity;MinimalQuantity;Visibility;AdditionalShippingCost;Unity;UnityPrice;ShortDescription;Description;Tags;Metatitle;MetaKeywords;MetaDescription;UrlRewritten;TextStock;TextBackorder;Avaiable;ProductAvaiableDate;ProductCreationDate;ShowPrice;ImageUrls;DeleteExistingImages;Feature;AvaiableOnline;Condition;Customizable;Uploadable;TextFields;OutStock;IdNameShop;AdvancedStockManagement;DependsOnStock;Warehouse
ID;Active;Name;Categories;Price;Tax;"Wholesale price";OnSale;Discount;DiscountPercent;DiscountFrom;DiscountTo;Reference;SupplierReference;Supplier;Manufacturer;Ean13;Upc;Ecotax;Width;Height;Depth;Weight;Quantity;MinimalQuantity;Visibility;AdditionalShippingCost;Unity;UnityPrice;ShortDescription;Description;Tags;Metatitle;MetaKeywords;MetaDescription;UrlRewritten;TextStock;TextBackorder;Avaiable;ProductAvaiableDate;ProductCreationDate;ShowPrice;ImageUrls;DeleteExistingImages;Feature;AvaiableOnline;Condition;Customizable;Uploadable;TextFields;OutStock;IdNameShop;AdvancedStockManagement;DependsOnStock;Warehouse
ID;Active;Name;Categories;Price;Tax;"Wholesale price";OnSale;Discount;DiscountPercent;DiscountFrom;DiscountTo;Reference;SupplierReference;Supplier;Manufacturer;Ean13;Upc;Ecotax;Width;Height;Depth;Weight;Quantity;MinimalQuantity;Visibility;AdditionalShippingCost;Unity;UnityPrice;ShortDescription;Description;Tags;Metatitle;MetaKeywords;MetaDescription;UrlRewritten;TextStock;TextBackorder;Avaiable;ProductAvaiableDate;ProductCreationDate;ShowPrice;ImageUrls;DeleteExistingImages;Feature;AvaiableOnline;Condition;Customizable;Uploadable;TextFields;OutStock;IdNameShop;AdvancedStockManagement;DependsOnStock;Warehouse
ID;Active;Name;Categories;Price;Tax;"Wholesale price";OnSale;Discount;DiscountPercent;DiscountFrom;DiscountTo;Reference;SupplierReference;Supplier;Manufacturer;Ean13;Upc;Ecotax;Width;Height;Depth;Weight;Quantity;MinimalQuantity;Visibility;AdditionalShippingCost;Unity;UnityPrice;ShortDescription;Description;Tags;Metatitle;MetaKeywords;MetaDescription;UrlRewritten;TextStock;TextBackorder;Avaiable;ProductAvaiableDate;ProductCreationDate;ShowPrice;ImageUrls;DeleteExistingImages;Feature;AvaiableOnline;Condition;Customizable;Uploadable;TextFields;OutStock;IdNameShop;AdvancedStockManagement;DependsOnStock;Warehouse
ID;Active;Name;Categories;Price;Tax;"Wholesale price";OnSale;Discount;DiscountPercent;DiscountFrom;DiscountTo;Reference;SupplierReference;Supplier;Manufacturer;Ean13;Upc;Ecotax;Width;Height;Depth;Weight;Quantity;MinimalQuantity;Visibility;AdditionalShippingCost;Unity;UnityPrice;ShortDescription;Description;Tags;Metatitle;MetaKeywords;MetaDescription;UrlRewritten;TextStock;TextBackorder;Avaiable;ProductAvaiableDate;ProductCreationDate;ShowPrice;ImageUrls;DeleteExistingImages;Feature;AvaiableOnline;Condition;Customizable;Uploadable;TextFields;OutStock;IdNameShop;AdvancedStockManagement;DependsOnStock;Warehouse
ID;Active;Name;Categories;Price;Tax;"Wholesale price";OnSale;Discount;DiscountPercent;DiscountFrom;DiscountTo;Reference;SupplierReference;Supplier;Manufacturer;Ean13;Upc;Ecotax;Width;Height;Depth;Weight;Quantity;MinimalQuantity;Visibility;AdditionalShippingCost;Unity;UnityPrice;ShortDescription;Description;Tags;Metatitle;MetaKeywords;MetaDescription;UrlRewritten;TextStock;TextBackorder;Avaiable;ProductAvaiableDate;ProductCreationDate;ShowPrice;ImageUrls;DeleteExistingImages;Feature;AvaiableOnline;Condition;Customizable;Uploadable;TextFields;OutStock;IdNameShop;AdvancedStockManagement;DependsOnStock;Warehouse
ID;Active;Name;Categories;Price;Tax;"Wholesale price";OnSale;Discount;DiscountPercent;DiscountFrom;DiscountTo;Reference;SupplierReference;Supplier;Manufacturer;Ean13;Upc;Ecotax;Width;Height;Depth;Weight;Quantity;MinimalQuantity;Visibility;AdditionalShippingCost;Unity;UnityPrice;ShortDescription;Description;Tags;Metatitle;MetaKeywords;MetaDescription;UrlRewritten;TextStock;TextBackorder;Avaiable;ProductAvaiableDate;ProductCreationDate;ShowPrice;ImageUrls;DeleteExistingImages;Feature;AvaiableOnline;Condition;Customizable;Uploadable;TextFields;OutStock;IdNameShop;AdvancedStockManagement;DependsOnStock;Warehouse
ID;Active;Name;Categories;Price;Tax;"Wholesale price";OnSale;Discount;DiscountPercent;DiscountFrom;DiscountTo;Reference;SupplierReference;Supplier;Manufacturer;Ean13;Upc;Ecotax;Width;Height;Depth;Weight;Quantity;MinimalQuantity;Visibility;AdditionalShippingCost;Unity;UnityPrice;ShortDescription;Description;Tags;Metatitle;MetaKeywords;MetaDescription;UrlRewritten;TextStock;TextBackorder;Avaiable;ProductAvaiableDate;ProductCreationDate;ShowPrice;ImageUrls;DeleteExistingImages;Feature;AvaiableOnline;Condition;Customizable;Uploadable;TextFields;OutStock;IdNameShop;AdvancedStockManagement;DependsOnStock;Warehouse
ID;Active;Name;Categories;Price;Tax;"Wholesale price";OnSale;Discount;DiscountPercent;DiscountFrom;DiscountTo;Reference;SupplierReference;Supplier;Manufacturer;Ean13;Upc;Ecotax;Width;Height;Depth;Weight;Quantity;MinimalQuantity;Visibility;AdditionalShippingCost;Unity;UnityPrice;ShortDescription;Description;Tags;Metatitle;MetaKeywords;MetaDescription;UrlRewritten;TextStock;TextBackorder;Avaiable;ProductAvaiableDate;ProductCreationDate;ShowPrice;ImageUrls;DeleteExistingImages;Feature;AvaiableOnline;Condition;Customizable;Uploadable;TextFields;OutStock;IdNameShop;AdvancedStockManagement;DependsOnStock;Warehouse
ID;Active;Name;Categories;Price;Tax;"Wholesale price";OnSale;Discount;DiscountPercent;DiscountFrom;DiscountTo;Reference;SupplierReference;Supplier;Manufacturer;Ean13;Upc;Ecotax;Width;Height;Depth;Weight;Quantity;MinimalQuantity;Visibility;AdditionalShippingCost;Unity;UnityPrice;ShortDescription;Description;Tags;Metatitle;MetaKeywords;MetaDescription;UrlRewritten;TextStock;TextBackorder;Avaiable;ProductAvaiableDate;ProductCreationDate;ShowPrice;ImageUrls;DeleteExistingImages;Feature;AvaiableOnline;Condition;Customizable;Uploadable;TextFields;OutStock;IdNameShop;AdvancedStockManagement;DependsOnStock;Warehouse
